sku,category,service_level,model,avg_daily_demand,demand_std,annual_demand,eoq,eoq_orders_per_year,eoq_order_interval_days,lead_time_demand,lead_time_std,safety_stock,reorder_point,order_up_to_level,average_inventory,holding_cost,orders_per_year,ordering_cost,expected_shortage_per_cycle,expected_annual_shortage,stockout_cost,total_inventory_cost
SKU-01,Beverages,90%,Seasonal + Promo,119.25754465895771,23.01598560175816,43529.00380051957,1319.5302770383037,32.9882569259576,11.064543386431279,834.802812612704,60.894574081295396,77.9450548240581,912.7478674367621,1747.550680049466,495.3464611304101,2476.7323056520504,52.142857142857146,5214.285714285715,2.892403564708351,150.81818587407832,754.0909293703917,8445.108949308156
SKU-01,Beverages,95%,Seasonal + Promo,119.25754465895771,23.01598560175816,43529.00380051957,1319.5302770383037,32.9882569259576,11.064543386431279,834.802812612704,60.894574081295396,100.4760472341374,935.2788598468413,1770.0816724595454,517.8774535404893,2589.3872677024465,52.142857142857146,5214.285714285715,1.256681465888301,65.52696214988998,327.6348107494499,8131.307792737611
SKU-01,Beverages,99%,Seasonal + Promo,119.25754465895771,23.01598560175816,43529.00380051957,1319.5302770383037,32.9882569259576,11.064543386431279,834.802812612704,60.894574081295396,141.8843576094183,976.6871702221223,1811.4899828348262,559.2857639157703,2796.4288195788513,52.142857142857146,5214.285714285715,0.20413806475173163,10.644341947768865,53.221709738844325,8063.936243603411
SKU-02,Snacks,90%,Seasonal + Promo,86.38877338082405,16.326220635100725,31531.90228400078,1123.065488455607,28.076637211390175,13.000132361005335,604.7214136657683,43.195119650047516,55.289753152060825,660.0111668178291,1264.7325804835973,357.650459984945,1788.2522999247249,52.142857142857146,5214.285714285715,2.0517052617365708,106.98177436197834,534.9088718098917,7537.4468860203315
SKU-02,Snacks,95%,Seasonal + Promo,86.38877338082405,16.326220635100725,31531.90228400078,1123.065488455607,28.076637211390175,13.000132361005335,604.7214136657683,43.195119650047516,71.27194742257839,675.9933610883467,1280.714774754115,373.6326542554625,1868.1632712773126,52.142857142857146,5214.285714285715,0.8914177839321793,46.48107016217792,232.40535081088962,7314.854336373917
SKU-02,Snacks,99%,Seasonal + Promo,86.38877338082405,16.326220635100725,31531.90228400078,1123.065488455607,28.076637211390175,13.000132361005335,604.7214136657683,43.195119650047516,100.64462878461072,705.366042450379,1310.0874561161472,403.0053356174949,2015.0266780874745,52.142857142857146,5214.285714285715,0.1448038395064281,7.550485917120895,37.752429585604474,7267.064821958794
SKU-03,Household,90%,Seasonal + Promo,58.71475953568288,13.736832421331762,21430.88723052425,925.8701254608932,23.146753136522328,15.768950307941083,411.00331674978014,36.34424238861308,46.52063025742475,457.52394700720487,868.527263756985,252.02228863231483,1260.1114431615742,52.142857142857146,5214.285714285715,1.7262985713818888,90.0141397934842,450.07069896742104,6924.46785641471
SKU-03,Household,95%,Seasonal + Promo,58.71475953568288,13.736832421331762,21430.88723052425,925.8701254608932,23.146753136522328,15.768950307941083,411.00331674978014,36.34424238861308,59.96799994121158,470.9713166909917,881.9746334407719,265.46965831610163,1327.3482915805082,52.142857142857146,5214.285714285715,0.7500362140729899,39.109031162377335,195.54515581188667,6737.179161678109
SKU-03,Household,99%,Seasonal + Promo,58.71475953568288,13.736832421331762,21430.88723052425,925.8701254608932,23.146753136522328,15.768950307941083,411.00331674978014,36.34424238861308,84.68208476546849,495.6854015152486,906.6887182650288,290.18374314035856,1450.9187157017927,52.142857142857146,5214.285714285715,0.12183751045166188,6.35295590212237,31.764779510611852,6696.969209498119
SKU-04,Personal Care,90%,Linear Regression,58.008800001102294,9.52991128182986,21173.212000402338,920.2871725804362,23.007179314510903,15.864613171845457,406.06160000771604,25.213775268230584,32.27363234333515,438.3352323510512,844.3968323587673,235.30443234719317,1176.522161735966,52.142857142857146,5214.285714285715,1.1976175967373481,62.447203258447445,312.2360162922372,6703.043892313917
SKU-04,Personal Care,95%,Linear Regression,58.008800001102294,9.52991128182986,21173.212000402338,920.2871725804362,23.007179314510903,15.864613171845457,406.06160000771604,25.213775268230584,41.60272919258046,447.6643292002965,853.7259292080125,244.63352919643847,1223.1676459821924,52.142857142857146,5214.285714285715,0.5203367384154328,27.13184421737614,135.6592210868807,6573.112581354788
SKU-04,Personal Care,99%,Linear Regression,58.008800001102294,9.52991128182986,21173.212000402338,920.2871725804362,23.007179314510903,15.864613171845457,406.06160000771604,25.213775268230584,58.748096374977266,464.8096963826933,870.8712963904094,261.77889637883527,1308.8944818941764,52.142857142857146,5214.285714285715,0.08452462909864845,4.407355660143812,22.036778300719064,6545.21697448061
SKU-05,Frozen,90%,Seasonal Baseline,70.60740346583927,13.130924812848408,25771.702265031334,1015.3167439775891,25.38291859943973,14.379749065107767,494.25182426087486,34.74116153908424,44.46868677002782,538.7205110309027,1032.9723352917774,291.59459890046526,1457.9729945023264,52.142857142857146,5214.285714285715,1.6501545662115304,86.04377380960123,430.2188690480062,7102.477577836047
SKU-05,Frozen,95%,Seasonal Baseline,70.60740346583927,13.130924812848408,25771.702265031334,1015.3167439775891,25.38291859943973,14.379749065107767,494.25182426087486,34.74116153908424,57.32291653948899,551.5747408003639,1045.8265650612386,304.4488286699264,1522.244143349632,52.142857142857146,5214.285714285715,0.7169534308806172,37.38400032448933,186.92000162244665,6923.449859257794
SKU-05,Frozen,99%,Seasonal Baseline,70.60740346583927,13.130924812848408,25771.702265031334,1015.3167439775891,25.38291859943973,14.379749065107767,494.25182426087486,34.74116153908424,80.94690638606627,575.1987306469412,1069.450554907816,328.07281851650373,1640.3640925825187,52.142857142857146,5214.285714285715,0.11646347134882663,6.072738148903103,30.363690744515516,6885.013497612748
SKU-06,Bakery,90%,Seasonal + Promo,48.0678126837092,10.100959287665377,17544.75162955386,837.7291120536246,20.943227801340615,17.428068083021838,336.4746887859644,26.724626278350726,34.20752163628893,370.6822104222533,707.1568992082177,202.44486602927114,1012.2243301463557,52.142857142857146,5214.285714285715,1.2693808188855265,66.18914269903102,330.94571349515513,6557.455757927226
SKU-06,Bakery,95%,Seasonal + Promo,48.0678126837092,10.100959287665377,17544.75162955386,837.7291120536246,20.943227801340615,17.428068083021838,336.4746887859644,26.724626278350726,44.09563335927869,380.5703221452431,717.0450109312076,212.3329777522609,1061.6648887613044,52.142857142857146,5214.285714285715,0.5515161741990193,28.75762908323458,143.7881454161729,6419.738748463192
SKU-06,Bakery,99%,Seasonal + Promo,48.0678126837092,10.100959287665377,17544.75162955386,837.7291120536246,20.943227801340615,17.428068083021838,336.4746887859644,26.724626278350726,62.268379228557194,398.7430680145216,735.2177568004861,230.5057236215394,1152.528618107697,52.142857142857146,5214.285714285715,0.0895894843174792,4.671451682268559,23.357258411342798,6390.1715908047545
